{
  "teams": [
    {
      "idTeam": "1231",
      "nameTeam": "Equipo 1",
      "indPass": "true",
      "score": "60.94"
    },
    {
      "idTeam": "1232",
      "nameTeam": "Equipo 2",
      "indPass": "true",
      "score": "56.80"
    },
    {
      "idTeam": "1233",
      "nameTeam": "Equipo 3",
      "indPass": "false",
      "score": "55.93"
    },
    {
      "idTeam": "1234",
      "nameTeam": "Equipo 4",
      "indPass": "false",
      "score": "46.25"
    },
    {
      "idTeam": "1235",
      "nameTeam": "Equipo 5",
      "indPass": "true",
      "score": "75.25"
    },
    {
      "idTeam": "1236",
      "nameTeam": "Equipo 6",
      "indPass": "false",
      "score": "39.99"
    },
    {
      "idTeam": "1237",
      "nameTeam": "Equipo 7",
      "indPass": "true",
      "score": "72.66"
    }
  ],

  "team1Users": [
    {

      "id": "9871",
      "name": "Integrante 1",
      "refTeam": "Equipo 1",
      "percentTarget": "85.15"
    },
    {
      "id": "9872",
      "name": "Integrante 2",
      "refTeam": "Equipo 1",
      "percentTarget": "85.15"
    },
    {
      "id": "9873",
      "name": "Integrante 3",
      "refTeam": "Equipo 1",
      "percentTarget": "85.15"
    },
    {
      "id": "9874",
      "name": "Integrante 4",
      "refTeam": "Equipo 1",
      "percentTarget": "85.15"
    },
    {
      "id": "9875",
      "name": "Integrante 5",
      "refTeam": "Equipo 1",
      "percentTarget": "85.15"
    },
    {
      "id": "9876",
      "name": "Integrante 6",
      "refTeam": "Equipo 1",
      "percentTarget": "85.15"
    },
    {
      "id": "9877",
      "name": "Integrante 7",
      "refTeam": "Equipo 1",
      "percentTarget": "85.15"
    },
    {
      "id": "9878",
      "name": "Integrante 8",
      "refTeam": "Equipo 1",
      "percentTarget": "85.15"
    }
  ],

  "progressByUser":[
    {
      "id": "32982",
      "name": "Grand Theft Auto V",
      "progressStatus":"50"
    },
    {
      "id": "27471",
      "name": "Minecraft",
      "progressStatus":"16"
    },
    {
      "id": "32399",
      "name": "Counter-Strike: Global Offensive",
      "progressStatus":"35"
    },
    {
      "id": "1584745140",
      "name": "Pokémon Brilliant Diamond/Shining Pearl",
      "progressStatus":"15"
    },
    {
      "id": "21779",
      "name": "League of Legends",
      "progressStatus":"33"
    },
    {
      "id": "516575",
      "name": "VALORANT",
      "progressStatus":"21"
    },
    {
      "id": "29595",
      "name": "Dota 2",
      "progressStatus":"05"
    },
    {
      "id": "33214",
      "name": "Fortnite",
      "progressStatus":"45"
    },
    {
      "id": "512710",
      "name": "Call of Duty: Warzone",
      "progressStatus":"85"
    }
  ]
}
