{
  "data": [
    {
      "id": "32982",
      "type": "TF",
      "title": "Some information about the content or type of question",
      "question": "Lorem ipsum dolor sit amet, consectetur adipisicing elit. Tenetur dolore accusantium eligendi porro nesciunt quo molestiae voluptas eveniet voluptatum ratione consequuntur enim quia eum libero, deleniti consectetur omnis repellendus nobis."
    },
    {
      "id": "2725423471",
      "type": "OA",
      "title": "Some information about the content or type of question",
      "question": "Lorem ipsum dolor sit amet, consectetur adipisicing elit. Tenetur dolore accusantium eligendi porro nesciunt quo molestiae voluptas eveniet voluptatum ratione consequuntur enim quia eum libero, deleniti consectetur omnis repellendus nobis.",
      "options": {
        "optionA": "Option A,molestiae voluptas eveniet voluptatum ratione consequuntur enim quia eum libero, deleniti consectetur omnis repellendus nobis.Lorem ipsum dolor sit amet, consectetur adipisicing elit. ",
        "optionB": "Lorem ipsum dolor sit amet,",
        "optionC": "C. Lorem ipsum dolor sit amet,",
        "optionD": "Option D: Lorem ipsum dolor sit amet,"
      }
    },
    {
      "id": "272542471",
      "type": "MA",
      "title": "Some information about the content or type of question",
      "question": "Lorem ipsum dolor sit amet, consectetur adipisicing elit. Tenetur dolore accusantium eligendi porro nesciunt quo molestiae voluptas eveniet voluptatum ratione consequuntur enim quia eum libero, deleniti consectetur omnis repellendus nobis.",
      "options": {
        "optionA": "Option A",
        "optionB": "Lorem ipsum dolor sit amet,",
        "optionC": "C. Lorem ipsum dolor sit amet,",
        "optionD": "Option D: Lorem ipsum dolor sit amet,"
      }
    },
    {
      "id": "3253982",
      "type": "TF",
      "title": "Some information about the content or type of question",
      "question": "Lorem ipsum dolor sit amet, consectetur adipisicing elit. Tenetur dolore accusantium eligendi porro nesciunt quo molestiae voluptas eveniet voluptatum ratione consequuntur enim quia eum libero, deleniti consectetur omnis repellendus nobis."
    },
    {
      "id": "2747541",
      "type": "MA",
      "title": "Some information about the content or type of question",
      "question": "Lorem ipsum dolor sit amet, consectetur adipisicing elit. Tenetur dolore accusantium eligendi porro nesciunt quo molestiae voluptas eveniet voluptatum ratione consequuntur enim quia eum libero, deleniti consectetur omnis repellendus nobis.",
      "options": {
        "optionA": "Option A",
        "optionB": "Lorem ipsum dolor sit amet,",
        "optionC": "C. Lorem ipsum dolor sit amet,",
        "optionD": "Option D: Lorem ipsum dolor sit amet,"
      }
    }
  ]
}
