{"data": 
  [
    {
        "id": "32982",
        "name": "Grand Theft Auto V",
        "box_art_url": "https://static-cdn.jtvnw.net/ttv-boxart/32982-1280x720.jpg"
    },
    {
        "id": "27471",
        "name": "Minecraft",
        "box_art_url": "https://static-cdn.jtvnw.net/ttv-boxart/27471-1280x720.jpg"
    },
    {
        "id": "32399",
        "name": "Counter-Strike: Global Offensive",
        "box_art_url": "https://static-cdn.jtvnw.net/ttv-boxart/32399-1280x720.jpg"
    },
    {
        "id": "1584745140",
        "name": "Pokémon Brilliant Diamond/Shining Pearl",
        "box_art_url": "https://static-cdn.jtvnw.net/ttv-boxart/1584745140-1280x720.jpg"
    },
    {
        "id": "21779",
        "name": "League of Legends",
        "box_art_url": "https://static-cdn.jtvnw.net/ttv-boxart/21779-1280x720.jpg"
    },
    {
        "id": "516575",
        "name": "VALORANT",
        "box_art_url": "https://static-cdn.jtvnw.net/ttv-boxart/516575-1280x720.jpg"
    },
    {
        "id": "29595",
        "name": "Dota 2",
        "box_art_url": "https://static-cdn.jtvnw.net/ttv-boxart/29595-1280x720.jpg"
    },
    {
        "id": "33214",
        "name": "Fortnite",
        "box_art_url": "https://static-cdn.jtvnw.net/ttv-boxart/33214-1280x720.jpg"
    },
    {
        "id": "512710",
        "name": "Call of Duty: Warzone",
        "box_art_url": "https://static-cdn.jtvnw.net/ttv-boxart/512710-1280x720.jpg"
    },
    {
        "id": "513143",
        "name": "Teamfight Tactics",
        "box_art_url": "https://static-cdn.jtvnw.net/ttv-boxart/513143-1280x720.jpg"
    },
    {
        "id": "511224",
        "name": "Apex Legends",
        "box_art_url": "https://static-cdn.jtvnw.net/ttv-boxart/511224-1280x720.jpg"
    },
    {
        "id": "506416",
        "name": "Halo Infinite",
        "box_art_url": "https://static-cdn.jtvnw.net/ttv-boxart/506416-1280x720.jpg"
    },
    {
        "id": "18122",
        "name": "World of Warcraft",
        "box_art_url": "https://static-cdn.jtvnw.net/ttv-boxart/18122-1280x720.jpg"
    },
    {
        "id": "1869092879",
        "name": "FIFA 22",
        "box_art_url": "https://static-cdn.jtvnw.net/ttv-boxart/1869092879-1280x720.jpg"
    }
  ]
}